{"cameraMode":{"drawMode":0,"name":"Shaded","section":"Shading Mode"},"sceneLighting":true,"audioPlay":false,"sceneViewState":{"showFog":true,"showMaterialUpdate":false,"showSkybox":true,"showFlares":true,"showImageEffects":true,"showParticleSystems":true},"in2DMode":false,"pivot":{"x":-1.5668091773986817,"y":-23.993877410888673,"z":18.95445442199707},"rotation":{"x":0.6505195498466492,"y":-0.010256005451083184,"z":0.008784966543316841,"w":0.7593694925308228},"size":47.775962829589847,"orthographic":false}